first_name,last_name,email,gender,lat,long
Talyah,McMeanma,tmcmeanma0@qq.com,Female,43.862902,3.319109
Zorah,Washington,zwashington1@netscape.com,Female,46.3176956,48.0025271
Beatriz,Peagrim,bpeagrim2@sitemeter.com,Female,12.5075773,108.3356312
Kakalina,Winder,kwinder3@wordpress.org,Female,-12.3202466,44.4730333
Aguste,Leynagh,aleynagh4@opensource.org,Male,51.43341,-114.03528
Tandie,Emanuelli,temanuelli5@webmd.com,Female,11.5399857,-85.6986957
Mylo,Stiven,mstiven6@apache.org,Male,37.6092461,61.8643252
Eydie,Tuminini,etuminini7@biglobe.ne.jp,Female,-8.4114856,116.1713917
Scott,Rochelle,srochelle8@ox.ac.uk,Male,39.2923338,-9.1684401
Toddy,Swires,tswires9@intel.com,Male,27.0970034,89.8738987
Chucho,McKenzie,cmckenziea@histats.com,Male,-7.3475648,108.1576908
Constantino,Bredbury,cbredburyb@xinhuanet.com,Male,36.7711541,36.8182983
Ailbert,Medway,amedwayc@digg.com,Male,30.857151,120.185838
Siana,Matijasevic,smatijasevicd@rambler.ru,Female,0.0208039,-51.0678473
Eadith,Royans,eroyanse@vkontakte.ru,Female,14.1163511,121.2225723
Hazlett,Sieur,hsieurf@reverbnation.com,Male,-22.7428673,-45.5963557
Barnard,Whistlecraft,bwhistlecraftg@ucoz.ru,Male,0.5695252,34.5583766
Gasper,Godilington,ggodilingtonh@geocities.com,Male,52.3429156,16.8799555
Twyla,Lydiate,tlydiatei@hibu.com,Female,17.9670882,104.0444828
Wilburt,Yglesia,wyglesiaj@nsw.gov.au,Male,21.0256819,106.9983133
Jeffie,Blaase,jblaasek@mashable.com,Male,43.8732498,-79.002342
Ignace,Alwell,ialwelll@ebay.co.uk,Male,48.1717603,27.2980562
Kariotta,Housegoe,khousegoem@macromedia.com,Female,43.1283145,5.9294606
Drake,Tallent,dtallentn@time.com,Male,-7.2723024,112.7837381
Noelle,Scholer,nscholero@apple.com,Female,42.8509219,44.0546008
Nelia,Deinhard,ndeinhardp@wikipedia.org,Female,-8.2399,124.4052
Job,Braund,jbraundq@histats.com,Male,-1.4391409,-46.3624686
Aidan,Iacabucci,aiacabuccir@bloomberg.com,Female,15.0541658,-91.229784
Prissie,Howel,phowels@eventbrite.com,Female,22.270978,113.576677
Dorothea,Schall,dschallt@moonfruit.com,Female,19.3803931,-99.1476908
Alfie,Dorsey,adorseyu@geocities.com,Male,-22.075317,-48.7417603
Dulciana,Hildrew,dhildrewv@rediff.com,Female,31.172739,115.008163
Tabor,Geelan,tgeelanw@feedburner.com,Male,45.803775,126.534967
Ricki,Begg,rbeggx@hatena.ne.jp,Male,11.5291917,8.6573084
Bancroft,Archbell,barchbelly@1688.com,Male,41.54142,24.6964808
Riane,Bachs,rbachsz@wunderground.com,Female,45.1611659,20.7866062
Aguste,Kenway,akenway10@cmu.edu,Male,48.4851578,23.6229395
Fletch,Grieger,fgrieger11@jiathis.com,Male,-1.259553,104.100502
Carmen,Heisham,cheisham12@theguardian.com,Female,38.7,21.466667
Maribelle,McGarvey,mmcgarvey13@economist.com,Female,40.9974887,-7.0537674
Reagen,Blondell,rblondell14@xinhuanet.com,Male,-22.7338724,-45.1201112
Sascha,Flann,sflann15@ezinearticles.com,Female,-8.1461903,113.0428974
Constantine,Renfield,crenfield16@hibu.com,Male,54.3786241,17.1607682
Batholomew,Bahls,bbahls17@nifty.com,Male,39.2699174,-9.1052924
Bellanca,Shimon,bshimon18@mail.ru,Female,59.8037463,30.6044813
Omero,Kitlee,okitlee19@amazon.co.uk,Male,-10.4966636,121.9729053
Hugh,Houten,hhouten1a@nasa.gov,Male,42.8004655,23.4195159
Desirae,Doone,ddoone1b@ask.com,Female,32.53,-92.08
Michel,Tille,mtille1c@abc.net.au,Female,46.171607,-71.875654
Dill,Greystoke,dgreystoke1d@dot.gov,Male,23.8697964,90.4219444
Abbott,Wingeat,awingeat1e@fotki.com,Male,45.950582,128.043465
Jamill,McCuffie,jmccuffie1f@paginegialle.it,Male,8.959667,-73.626268
Rance,Maber,rmaber1g@salon.com,Male,16.7733926,101.2451095
Torey,de Glanville,tdeglanville1h@blogs.com,Male,43.4945737,5.8978018
Thom,Issacov,tissacov1i@state.tx.us,Male,40.7809019,-74.138917
Ethyl,Pickworth,epickworth1j@rediff.com,Female,-23.119901,-134.9702654
Lambert,Errichi,lerrichi1k@over-blog.com,Male,60.1512028,15.1735854
Eduardo,Fransewich,efransewich1l@psu.edu,Male,31.34337,34.32337
Siward,Vel,svel1m@nydailynews.com,Male,1.4908115,33.7517723
Rafaelita,Digg,rdigg1n@hp.com,Female,54.11538,20.1302301
Roxy,Bilsborrow,rbilsborrow1o@chronoengine.com,Female,44.0752881,39.0848844
Rebeca,Penwarden,rpenwarden1p@google.de,Female,50.5803842,30.0105737
Dani,Pes,dpes1q@statcounter.com,Female,-26.9165792,-49.0717331
Nicky,Cardozo,ncardozo1r@cnet.com,Female,43.4997666,43.5537167
Courtnay,Benedick,cbenedick1s@loc.gov,Female,43.516667,109.116667
Lonny,Lisciandro,llisciandro1t@columbia.edu,Male,33.1212187,131.5637393
Victoir,Husby,vhusby1u@huffingtonpost.com,Male,51.149402,34.3175225
Germana,Boswood,gboswood1v@princeton.edu,Female,36.02866,70.77258
Lucias,Poletto,lpoletto1w@soup.io,Male,13.7178702,-87.6953979
Jarrod,Wixey,jwixey1x@google.nl,Male,29.56492,121.52229
Gwenny,Corrett,gcorrett1y@yandex.ru,Female,38.8403484,-9.1062978
Gabrila,Bellfield,gbellfield1z@latimes.com,Female,44.4410356,18.1173229
Carline,Franzonello,cfranzonello20@elpais.com,Female,54.7214094,-113.2861822
Dag,Hake,dhake21@zdnet.com,Male,38.8107633,-9.3430272
Ajay,Jaray,ajaray22@wix.com,Female,40.7493096,-73.8213213
Delora,Randales,drandales23@github.com,Female,56.0251274,37.4266991
Helyn,Rudsdale,hrudsdale24@comcast.net,Female,14.5569016,121.0412323
Morty,Kilby,mkilby25@bluehost.com,Male,22.568299,113.485598
Daisey,Poulglais,dpoulglais26@amazon.co.uk,Female,48.5637949,23.0332798
Kalle,Marnane,kmarnane27@ibm.com,Male,-26.6420382,15.1639082
Joyann,Ekkel,jekkel28@arizona.edu,Female,26.82808,114.835777
Liuka,Tipler,ltipler29@xinhuanet.com,Female,35.1002148,-89.8500299
Jason,Woollard,jwoollard2a@xing.com,Male,36.3755668,36.9917125
Diahann,Mears,dmears2b@scientificamerican.com,Female,24.8560587,67.2164016
Luigi,Lawther,llawther2c@imgur.com,Male,3.01228,-76.484533
Ines,Devanney,idevanney2d@ezinearticles.com,Female,32.7827213,131.1627748
Rowe,Postill,rpostill2e@usnews.com,Female,34.8856144,38.8754323
Martie,Lenglet,mlenglet2f@sakura.ne.jp,Male,13.28386,-61.1213871
Knox,Hightown,khightown2g@about.me,Male,-0.5107264,-78.5717631
Maude,Vedmore,mvedmore2h@sogou.com,Female,37.093946,110.593127
Sapphire,Faloon,sfaloon2i@google.com.br,Female,20.8965838,-105.4093552
Cchaddie,Atte-Stone,cattestone2j@columbia.edu,Male,51.361479,15.7613834
Idalia,Fleckney,ifleckney2k@scribd.com,Female,16.8782186,-1.9209164
Tobe,Brunskill,tbrunskill2l@ox.ac.uk,Female,-12.4754252,-39.2583293
Cass,Norcock,cnorcock2m@sogou.com,Female,38.88,-76.85
Verene,Frazier,vfrazier2n@t-online.de,Female,11.6994751,122.2790551
Arlyn,Schroeder,aschroeder2o@163.com,Female,-7.7469239,110.3729973
Missy,Wallen,mwallen2p@barnesandnoble.com,Female,30.45,-91.15
Lanie,Samples,lsamples2q@earthlink.net,Male,57.7272213,14.7410285
Stacie,Mushett,smushett2r@vinaora.com,Female,31.6891751,-4.9574947
